CanBeRemoved__c,LastModifiedDate,CreatedDate
FALSO,2021-01-01T00:00:00Z,2021-01-01T00:00:00Z
FALSO,2021-01-01T00:00:00Z,2021-01-01T00:00:00Z
FALSO,2021-05-04T07:29:16.000+0000,2021-05-04T07:29:16.000+0000
FALSO,2021-01-01T00:00:00Z,2021-01-01T00:00:00Z
FALSO,2021-01-01T00:00:00Z,2021-01-01T00:00:00Z
FALSO,2021-01-01T00:00:00Z,2021-01-01T00:00:00Z
FALSO,2021-01-01T00:00:00Z,2021-01-01T00:00:00Z
FALSO,2021-01-01T00:00:00Z,2021-01-01T00:00:00Z
FALSO,2021-01-01T00:00:00Z,2021-01-01T00:00:00Z
FALSO,2021-01-01T00:00:00Z,2021-01-01T00:00:00Z
FALSO,2021-01-01T00:00:00Z,2021-01-01T00:00:00Z
FALSO,2021-01-01T00:00:00Z,2021-01-01T00:00:00Z
FALSO,2021-01-01T00:00:00Z,2021-01-01T00:00:00Z
FALSO,2021-01-01T00:00:00Z,2021-01-01T00:00:00Z
FALSO,2021-01-01T00:00:00Z,2021-01-01T00:00:00Z
FALSO,2021-01-01T00:00:00Z,2021-01-01T00:00:00Z
FALSO,2021-01-01T00:00:00Z,2021-01-01T00:00:00Z
FALSO,2021-01-01T00:00:00Z,2021-01-01T00:00:00Z
FALSO,2021-01-01T00:00:00Z,2021-01-01T00:00:00Z
FALSO,2021-01-01T00:00:00Z,2021-01-01T00:00:00Z
FALSO,2021-01-01T00:00:00Z,2021-01-01T00:00:00Z
FALSO,2021-01-01T00:00:00Z,2021-01-01T00:00:00Z
FALSO,2021-01-01T00:00:00Z,2021-01-01T00:00:00Z
FALSO,2021-01-01T00:00:00Z,2021-01-01T00:00:00Z
FALSO,2021-01-01T00:00:00Z,2021-01-01T00:00:00Z
FALSO,2021-01-01T00:00:00Z,2021-01-01T00:00:00Z
FALSO,2021-01-01T00:00:00Z,2021-01-01T00:00:00Z
FALSO,2021-01-01T00:00:00Z,2021-01-01T00:00:00Z
FALSO,2021-01-01T00:00:00Z,2021-01-01T00:00:00Z
FALSO,2021-01-01T00:00:00Z,2021-01-01T00:00:00Z
FALSO,2021-01-01T00:00:00Z,2021-01-01T00:00:00Z
FALSO,2021-01-01T00:00:00Z,2021-01-01T00:00:00Z
FALSO,2021-01-01T00:00:00Z,2021-01-01T00:00:00Z
FALSO,2021-01-01T00:00:00Z,2021-01-01T00:00:00Z
FALSO,2021-01-01T00:00:00Z,2021-01-01T00:00:00Z
FALSO,2021-01-01T00:00:00Z,2021-01-01T00:00:00Z
FALSO,2021-01-01T00:00:00Z,2021-01-01T00:00:00Z
FALSO,2021-01-01T00:00:00Z,2021-01-01T00:00:00Z
FALSO,2021-01-01T00:00:00Z,2021-01-01T00:00:00Z
FALSO,2021-01-01T00:00:00Z,2021-01-01T00:00:00Z
FALSO,2021-01-01T00:00:00Z,2021-01-01T00:00:00Z
FALSO,2021-01-01T00:00:00Z,2021-01-01T00:00:00Z
FALSO,2021-01-01T00:00:00Z,2021-01-01T00:00:00Z
FALSO,2021-01-01T00:00:00Z,2021-01-01T00:00:00Z
FALSO,2021-01-01T00:00:00Z,2021-01-01T00:00:00Z
FALSO,2021-01-01T00:00:00Z,2021-01-01T00:00:00Z
FALSO,2021-01-01T00:00:00Z,2021-01-01T00:00:00Z
FALSO,2021-01-01T00:00:00Z,2021-01-01T00:00:00Z
FALSO,2021-01-01T00:00:00Z,2021-01-01T00:00:00Z
FALSO,2021-01-01T00:00:00Z,2021-01-01T00:00:00Z
FALSO,2021-01-01T00:00:00Z,2021-01-01T00:00:00Z
FALSO,2021-01-01T00:00:00Z,2021-01-01T00:00:00Z
FALSO,2021-01-01T00:00:00Z,2021-01-01T00:00:00Z
FALSO,2021-01-01T00:00:00Z,2021-01-01T00:00:00Z
FALSO,2021-01-01T00:00:00Z,2021-01-01T00:00:00Z
FALSO,2021-01-01T00:00:00Z,2021-01-01T00:00:00Z
FALSO,2021-01-01T00:00:00Z,2021-01-01T00:00:00Z
FALSO,2021-01-01T00:00:00Z,2021-01-01T00:00:00Z
FALSO,2021-01-01T00:00:00Z,2021-01-01T00:00:00Z
FALSO,2021-01-01T00:00:00Z,2021-01-01T00:00:00Z
FALSO,2021-01-01T00:00:00Z,2021-01-01T00:00:00Z
FALSO,2021-01-01T00:00:00Z,2021-01-01T00:00:00Z
FALSO,2021-01-01T00:00:00Z,2021-01-01T00:00:00Z
FALSO,2021-01-01T00:00:00Z,2021-01-01T00:00:00Z
FALSO,2021-01-01T00:00:00Z,2021-01-01T00:00:00Z
FALSO,2021-01-01T00:00:00Z,2021-01-01T00:00:00Z
FALSO,2021-01-01T00:00:00Z,2021-01-01T00:00:00Z
FALSO,2021-01-01T00:00:00Z,2021-01-01T00:00:00Z
FALSO,2021-01-01T00:00:00Z,2021-01-01T00:00:00Z
FALSO,2021-01-01T00:00:00Z,2021-01-01T00:00:00Z
FALSO,2021-01-01T00:00:00Z,2021-01-01T00:00:00Z
FALSO,2021-01-01T00:00:00Z,2021-01-01T00:00:00Z
FALSO,2021-01-01T00:00:00Z,2021-01-01T00:00:00Z
FALSO,2021-01-01T00:00:00Z,2021-01-01T00:00:00Z
FALSO,2021-01-01T00:00:00Z,2021-01-01T00:00:00Z
FALSO,2021-01-01T00:00:00Z,2021-01-01T00:00:00Z
FALSO,2021-01-01T00:00:00Z,2021-01-01T00:00:00Z
FALSO,2021-01-01T00:00:00Z,2021-01-01T00:00:00Z
FALSO,2021-01-01T00:00:00Z,2021-01-01T00:00:00Z
FALSO,2021-01-01T00:00:00Z,2021-01-01T00:00:00Z
FALSO,2021-01-01T00:00:00Z,2021-01-01T00:00:00Z
FALSO,2021-01-01T00:00:00Z,2021-01-01T00:00:00Z
FALSO,2021-01-01T00:00:00Z,2021-01-01T00:00:00Z
FALSO,2021-01-01T00:00:00Z,2021-01-01T00:00:00Z
FALSO,2021-01-01T00:00:00Z,2021-01-01T00:00:00Z
FALSO,2021-01-01T00:00:00Z,2021-01-01T00:00:00Z
FALSO,2021-01-01T00:00:00Z,2021-01-01T00:00:00Z
FALSO,2021-01-01T00:00:00Z,2021-01-01T00:00:00Z
FALSO,2021-01-01T00:00:00Z,2021-01-01T00:00:00Z
FALSO,2021-01-01T00:00:00Z,2021-01-01T00:00:00Z
FALSO,2021-01-01T00:00:00Z,2021-01-01T00:00:00Z
FALSO,2021-01-01T00:00:00Z,2021-01-01T00:00:00Z
FALSO,2021-01-01T00:00:00Z,2021-01-01T00:00:00Z
FALSO,2021-01-01T00:00:00Z,2021-01-01T00:00:00Z
FALSO,2021-01-01T00:00:00Z,2021-01-01T00:00:00Z
FALSO,2021-01-01T00:00:00Z,2021-01-01T00:00:00Z
FALSO,2021-01-01T00:00:00Z,2021-01-01T00:00:00Z
FALSO,2021-01-01T00:00:00Z,2021-01-01T00:00:00Z
FALSO,2021-01-01T00:00:00Z,2021-01-01T00:00:00Z
FALSO,2021-01-01T00:00:00Z,2021-01-01T00:00:00Z
FALSO,2021-01-01T00:00:00Z,2021-01-01T00:00:00Z
FALSO,2021-01-01T00:00:00Z,2021-01-01T00:00:00Z
FALSO,2021-01-01T00:00:00Z,2021-01-01T00:00:00Z
FALSO,2021-01-01T00:00:00Z,2021-01-01T00:00:00Z
FALSO,2021-01-01T00:00:00Z,2021-01-01T00:00:00Z
FALSO,2021-01-01T00:00:00Z,2021-01-01T00:00:00Z
FALSO,2021-01-01T00:00:00Z,2021-01-01T00:00:00Z
FALSO,2021-01-01T00:00:00Z,2021-01-01T00:00:00Z
FALSO,2021-01-01T00:00:00Z,2021-01-01T00:00:00Z
FALSO,2021-01-01T00:00:00Z,2021-01-01T00:00:00Z
FALSO,2021-01-01T00:00:00Z,2021-01-01T00:00:00Z
FALSO,2021-01-01T00:00:00Z,2021-01-01T00:00:00Z
FALSO,2021-01-01T00:00:00Z,2021-01-01T00:00:00Z
FALSO,2021-01-01T00:00:00Z,2021-01-01T00:00:00Z
FALSO,2021-01-01T00:00:00Z,2021-01-01T00:00:00Z
FALSO,2021-01-01T00:00:00Z,2021-01-01T00:00:00Z
FALSO,2021-01-01T00:00:00Z,2021-01-01T00:00:00Z
FALSO,2021-01-01T00:00:00Z,2021-01-01T00:00:00Z
FALSO,2021-01-01T00:00:00Z,2021-01-01T00:00:00Z
FALSO,2021-01-01T00:00:00Z,2021-01-01T00:00:00Z
FALSO,2021-01-01T00:00:00Z,2021-01-01T00:00:00Z
FALSO,2021-01-01T00:00:00Z,2021-01-01T00:00:00Z
FALSO,2021-01-01T00:00:00Z,2021-01-01T00:00:00Z
FALSO,2021-01-01T00:00:00Z,2021-01-01T00:00:00Z
FALSO,2021-01-01T00:00:00Z,2021-01-01T00:00:00Z
FALSO,2021-01-01T00:00:00Z,2021-01-01T00:00:00Z
FALSO,2021-01-01T00:00:00Z,2021-01-01T00:00:00Z
FALSO,2021-01-01T00:00:00Z,2021-01-01T00:00:00Z
FALSO,2021-01-01T00:00:00Z,2021-01-01T00:00:00Z
FALSO,2021-01-01T00:00:00Z,2021-01-01T00:00:00Z
FALSO,2021-01-01T00:00:00Z,2021-01-01T00:00:00Z
FALSO,2021-01-01T00:00:00Z,2021-01-01T00:00:00Z
FALSO,2021-01-01T00:00:00Z,2021-01-01T00:00:00Z
FALSO,2021-01-01T00:00:00Z,2021-01-01T00:00:00Z
FALSO,2021-01-01T00:00:00Z,2021-01-01T00:00:00Z
FALSO,2021-01-01T00:00:00Z,2021-01-01T00:00:00Z
FALSO,2021-01-01T00:00:00Z,2021-01-01T00:00:00Z
FALSO,2021-01-01T00:00:00Z,2021-01-01T00:00:00Z
FALSO,2021-01-01T00:00:00Z,2021-01-01T00:00:00Z
FALSO,2021-01-01T00:00:00Z,2021-01-01T00:00:00Z
FALSO,2021-01-01T00:00:00Z,2021-01-01T00:00:00Z
FALSO,2021-01-01T00:00:00Z,2021-01-01T00:00:00Z
FALSO,2021-01-01T00:00:00Z,2021-01-01T00:00:00Z
FALSO,2021-01-01T00:00:00Z,2021-01-01T00:00:00Z
FALSO,2021-01-01T00:00:00Z,2021-01-01T00:00:00Z
FALSO,2021-01-01T00:00:00Z,2021-01-01T00:00:00Z
FALSO,2021-01-01T00:00:00Z,2021-01-01T00:00:00Z
FALSO,2021-01-01T00:00:00Z,2021-01-01T00:00:00Z
FALSO,2021-01-01T00:00:00Z,2021-01-01T00:00:00Z
FALSO,2021-01-01T00:00:00Z,2021-01-01T00:00:00Z
FALSO,2021-01-01T00:00:00Z,2021-01-01T00:00:00Z
FALSO,2021-01-01T00:00:00Z,2021-01-01T00:00:00Z
FALSO,2021-01-01T00:00:00Z,2021-01-01T00:00:00Z
FALSO,2021-01-01T00:00:00Z,2021-01-01T00:00:00Z
FALSO,2021-01-01T00:00:00Z,2021-01-01T00:00:00Z
FALSO,2021-01-01T00:00:00Z,2021-01-01T00:00:00Z
FALSO,2021-01-01T00:00:00Z,2021-01-01T00:00:00Z
FALSO,2021-01-01T00:00:00Z,2021-01-01T00:00:00Z
FALSO,2021-01-01T00:00:00Z,2021-01-01T00:00:00Z
FALSO,2021-01-01T00:00:00Z,2021-01-01T00:00:00Z
FALSO,2021-01-01T00:00:00Z,2021-01-01T00:00:00Z
FALSO,2021-01-01T00:00:00Z,2021-01-01T00:00:00Z
FALSO,2021-01-01T00:00:00Z,2021-01-01T00:00:00Z
FALSO,2021-01-01T00:00:00Z,2021-01-01T00:00:00Z
FALSO,2021-01-01T00:00:00Z,2021-01-01T00:00:00Z
FALSO,2021-01-01T00:00:00Z,2021-01-01T00:00:00Z
FALSO,2021-01-01T00:00:00Z,2021-01-01T00:00:00Z
FALSO,2021-01-01T00:00:00Z,2021-01-01T00:00:00Z
FALSO,2021-01-01T00:00:00Z,2021-01-01T00:00:00Z
FALSO,2021-01-01T00:00:00Z,2021-01-01T00:00:00Z
FALSO,2021-01-01T00:00:00Z,2021-01-01T00:00:00Z
FALSO,2021-01-01T00:00:00Z,2021-01-01T00:00:00Z
FALSO,2021-01-01T00:00:00Z,2021-01-01T00:00:00Z
FALSO,2021-01-01T00:00:00Z,2021-01-01T00:00:00Z
FALSO,2021-01-01T00:00:00Z,2021-01-01T00:00:00Z
FALSO,2021-01-01T00:00:00Z,2021-01-01T00:00:00Z
FALSO,2021-01-01T00:00:00Z,2021-01-01T00:00:00Z
FALSO,2021-01-01T00:00:00Z,2021-01-01T00:00:00Z
FALSO,2021-01-01T00:00:00Z,2021-01-01T00:00:00Z
FALSO,2021-01-01T00:00:00Z,2021-01-01T00:00:00Z
FALSO,2021-01-01T00:00:00Z,2021-01-01T00:00:00Z
FALSO,2021-01-01T00:00:00Z,2021-01-01T00:00:00Z
FALSO,2021-01-01T00:00:00Z,2021-01-01T00:00:00Z
FALSO,2021-01-01T00:00:00Z,2021-01-01T00:00:00Z
FALSO,2021-01-01T00:00:00Z,2021-01-01T00:00:00Z
FALSO,2021-01-01T00:00:00Z,2021-01-01T00:00:00Z
FALSO,2021-01-01T00:00:00Z,2021-01-01T00:00:00Z
FALSO,2021-01-01T00:00:00Z,2021-01-01T00:00:00Z
FALSO,2021-01-01T00:00:00Z,2021-01-01T00:00:00Z
FALSO,2021-01-01T00:00:00Z,2021-01-01T00:00:00Z
FALSO,2021-01-01T00:00:00Z,2021-01-01T00:00:00Z
FALSO,2021-01-01T00:00:00Z,2021-01-01T00:00:00Z
FALSO,2021-01-01T00:00:00Z,2021-01-01T00:00:00Z
FALSO,2021-01-01T00:00:00Z,2021-01-01T00:00:00Z